{"floors": [1, 2, 3, 4, 5, 6, 7, 8, 9, 10, 11, 12, 13, 14, 15], "turns": [1, 2, 3, 4, 5, 6, 7, 8, 9, 10, 11, 12, 13, 14, 15, 16, 17, 18, 19, 20, 21, 22, 23, 24, 25, 26, 27, 28, 29, 30, 31, 32, 33, 34, 35, 36, 37, 38, 39, 40, 41, 42, 43, 44, 45, 46, 47, 48, 49, 50], "heatmap": [[0.14285714285714285, 0.5, 0.6666666666666666, 0.5, 0.5714285714285714, 0.3333333333333333, 0.36363636363636365, 0.4166666666666667, 0.5, 0.4, 0.25, 0.375, 0.3333333333333333, 0.42857142857142855, 0.5, 0.5, 0.2, 0.4, 0.3333333333333333, 0.4, 0.0, 0.25, 0.25, 0.2857142857142857, 0.2857142857142857, 0.25, 0.16666666666666666, 0.2, 0.2857142857142857, 0.125, 0.1111111111111111, 0.0, 0.0, 0.0, 0.0, 0.0, 0.0, 0.1111111111111111, 0.0, 0.16666666666666666, 0.3333333333333333, 0.3, 0.3333333333333333, 0.2222222222222222, 0.2857142857142857, 0.375, 0.42857142857142855, 0.6666666666666666, 0.5714285714285714, 0.5714285714285714], [0.42857142857142855, 0.2857142857142857, 0.2, 0.18181818181818182, 0.18181818181818182, 0.16666666666666666, 0.23076923076923078, 0.2, 0.25, 0.3, 0.2727272727272727, 0.0, 0.0, 0.0, 0.16666666666666666, 0.16666666666666666, 0.2, 0.14285714285714285, 0.1111111111111111, 0.2857142857142857, 0.18181818181818182, 0.2, 0.2222222222222222, 0.1111111111111111, 0.14285714285714285, 0.4444444444444444, 0.42857142857142855, 0.375, 0.16666666666666666, 0.3333333333333333, 0.3333333333333333, 0.5555555555555556, 0.5, 0.625, 0.5555555555555556, 0.5555555555555556, 0.42857142857142855, 0.375, 0.3, 0.2857142857142857, 0.375, 0.2727272727272727, 0.3, 0.5, 0.3333333333333333, 0.4, 0.3333333333333333, 0.2857142857142857, 0.25, 0.2857142857142857], [0.42857142857142855, 0.6666666666666666, 0.7777777777777778, 0.6, 0.5, 0.6, 0.5, 0.5, 0.3333333333333333, 0.25, 0.2, 0.14285714285714285, 0.0, 0.0, 0.0, 0.0, 0.0, 0.0, 0.0, 0.2222222222222222, 0.16666666666666666, 0.0, 0.0, 0.0, 0.0, 0.0, 0.3333333333333333, 0.5, 0.5, 0.3333333333333333, 0.1, 0.25, 0.2857142857142857, 0.42857142857142855, 0.25, 0.0, 0.0, 0.5, 0.6, 0.5, 0.4, 0.14285714285714285, 0.25, 0.3333333333333333, 0.4, 0.2857142857142857, 0.4, 0.4444444444444444, 0.625, 0.7142857142857143], [0.5714285714285714, 0.4444444444444444, 0.375, 0.4, 0.25, 0.375, 0.25, 0.125, 0.0, 0.0, 0.25, 0.45454545454545453, 0.3, 0.375, 0.5, 0.375, 0.25, 0.2857142857142857, 0.3333333333333333, 0.3333333333333333, 0.3333333333333333, 0.8, 0.6, 0.6, 0.5555555555555556, 0.375, 0.4, 0.5, 0.5, 0.375, 0.6666666666666666, 0.6, 0.3333333333333333, 0.25, 0.6, 0.4, 0.3333333333333333, 0.3333333333333333, 0.0, 0.0, 0.25, 0.3333333333333333, 0.5, 0.0, 0.0, 0.25, 0.0, 0.2, 0.0, 0.2], [0.14285714285714285, 0.2, 0.0, 0.0, 0.3333333333333333, 0.2857142857142857, 0.3333333333333333, 0.42857142857142855, 0.25, 0.2857142857142857, 0.3333333333333333, 0.3333333333333333, 0.42857142857142855, 0.5, 0.4, 0.42857142857142855, 0.5, 0.5714285714285714, 0.2857142857142857, 0.2, 0.3333333333333333, 0.5, 0.3333333333333333, 0.5, 0.16666666666666666, 0.14285714285714285, 0.2222222222222222, 0.16666666666666666, 0.4, 0.5, 0.3333333333333333, 0.25, 0.3, 0.4, 0.5, 0.4444444444444444, 0.5454545454545454, 0.3333333333333333, 0.2857142857142857, 0.2857142857142857, 0.0, 0.0, 0.0, 0.5, 1.0, 0.5, 0.6, 0.6, 0.6666666666666666, 0.25], [0.2857142857142857, 0.25, 0.375, 0.4444444444444444, 0.4166666666666667, 0.36363636363636365, 0.4, 0.5, 0.625, 0.8, 0.6, 0.5, 0.5714285714285714, 0.375, 0.0, 0.25, 0.2222222222222222, 0.5, 0.0, 0.0, 0.16666666666666666, 0.0, 0.0, 0.5, 0.0, 0.25, 0.5, 0.5, 0.375, 0.5, 0.6, 0.5, 0.5, 0.5714285714285714, 0.3333333333333333, 0.5, 0.5555555555555556, 0.5, 0.5, 0.36363636363636365, 0.375, 0.5, 0.3333333333333333, 0.3333333333333333, 0.2222222222222222, 0.2, 0.18181818181818182, 0.38461538461538464, 0.18181818181818182, 0.2857142857142857], [0.42857142857142855, 0.3333333333333333, 0.3333333333333333, 0.2857142857142857, 0.4, 0.2, 0.14285714285714285, 0.25, 0.4, 0.7142857142857143, 0.6666666666666666, 0.42857142857142855, 0.625, 0.75, 0.5714285714285714, 0.5, 0.42857142857142855, 0.4166666666666667, 0.5555555555555556, 0.4444444444444444, 0.3, 0.125, 0.0, 0.0, 0.4, 0.4, 0.25, 0.3333333333333333, 0.5, 0.4, 0.4, 0.3333333333333333, 0.25, 0.2, 0.4, 0.42857142857142855, 0.3, 0.36363636363636365, 0.3333333333333333, 0.14285714285714285, 0.14285714285714285, 0.4, 0.25, 0.16666666666666666, 0.125, 0.2, 0.3333333333333333, 0.2857142857142857, 0.14285714285714285, 0.0], [0.2857142857142857, 0.4444444444444444, 0.42857142857142855, 0.42857142857142855, 0.3333333333333333, 0.3333333333333333, 0.3333333333333333, 0.3333333333333333, 0.16666666666666666, 0.0, 0.2, 0.16666666666666666, 0.2, 0.25, 0.0, 0.0, 0.2, 0.2, 0.0, 0.0, 0.25, 0.25, 0.2857142857142857, 0.2222222222222222, 0.38461538461538464, 0.25, 0.125, 0.1, 0.1, 0.0, 0.125, 0.0, 0.0, 0.0, 0.0, 0.0, 0.0, 0.0, 0.3333333333333333, 0.25, 0.14285714285714285, 0.16666666666666666, 0.375, 0.5, 0.5, 0.45454545454545453, 0.3, 0.2222222222222222, 0.2, 0.1111111111111111], [0.14285714285714285, 0.0, 0.0, 0.0, 0.25, 0.0, 0.0, 0.0, 0.25, 0.125, 0.2, 0.2857142857142857, 0.14285714285714285, 0.1111111111111111, 0.375, 0.42857142857142855, 0.375, 0.25, 0.25, 0.18181818181818182, 0.3333333333333333, 0.3333333333333333, 0.2, 0.25, 0.3333333333333333, 0.6, 0.6, 0.5, 0.4, 0.3333333333333333, 0.5, 0.5454545454545454, 0.3333333333333333, 0.2, 0.3333333333333333, 0.4166666666666667, 0.3, 0.4, 0.16666666666666666, 0.14285714285714285, 0.14285714285714285, 0.14285714285714285, 0.14285714285714285, 0.2857142857142857, 0.375, 0.5, 0.5, 0.42857142857142855, 0.6, 0.6], [0.14285714285714285, 0.2, 0.0, 0.0, 0.25, 0.3333333333333333, 0.4, 0.4, 0.3333333333333333, 0.0, 0.0, 0.3333333333333333, 0.16666666666666666, 0.25, 0.2727272727272727, 0.18181818181818182, 0.36363636363636365, 0.36363636363636365, 0.4166666666666667, 0.4444444444444444, 0.6666666666666666, 0.5, 0.5, 0.5555555555555556, 0.42857142857142855, 0.42857142857142855, 0.25, 0.25, 0.2, 0.25, 0.25, 0.0, 0.0, 0.0, 0.0, 0.0, 0.2, 0.25, 0.375, 0.4, 0.2857142857142857, 0.14285714285714285, 0.4, 0.2857142857142857, 0.3333333333333333, 0.2, 0.16666666666666666, 0.5, 0.5, 0.6], [0.2857142857142857, 0.4, 0.4444444444444444, 0.4444444444444444, 0.3333333333333333, 0.42857142857142855, 0.3333333333333333, 0.2, 0.42857142857142855, 0.5, 0.5, 0.5, 0.5454545454545454, 0.5384615384615384, 0.5, 0.5555555555555556, 0.5714285714285714, 0.25, 0.375, 0.2857142857142857, 0.25, 0.3333333333333333, 0.3333333333333333, 0.3, 0.2727272727272727, 0.4166666666666667, 0.4444444444444444, 0.3333333333333333, 0.25, 0.3333333333333333, 0.35714285714285715, 0.2857142857142857, 0.2727272727272727, 0.3333333333333333, 0.2, 0.1, 0.18181818181818182, 0.25, 0.3333333333333333, 0.5454545454545454, 0.45454545454545453, 0.4166666666666667, 0.375, 0.375, 0.5, 0.6, 0.5, 0.3333333333333333, 0.36363636363636365, 0.2222222222222222], [0.42857142857142855, 0.16666666666666666, 0.14285714285714285, 0.125, 0.16666666666666666, 0.2, 0.5, 0.5, 0.4, 0.4, 0.2, 0.4, 0.5, 0.0, 0.0, 0.0, 0.14285714285714285, 0.2857142857142857, 0.36363636363636365, 0.36363636363636365, 0.4444444444444444, 0.4, 0.5, 0.0, 0.25, 0.25, 0.25, 0.16666666666666666, 0.2, 0.3333333333333333, 0.5, 0.3333333333333333, 0.3333333333333333, 0.375, 0.2857142857142857, 0.5, 0.42857142857142855, 0.4, 0.5, 0.42857142857142855, 0.375, 0.3333333333333333, 0.2727272727272727, 0.2727272727272727, 0.25, 0.14285714285714285, 0.2, 0.0, 0.3333333333333333, 0.3333333333333333], [0.14285714285714285, 0.1111111111111111, 0.16666666666666666, 0.25, 0.25, 0.5, 0.6666666666666666, 0.625, 0.3333333333333333, 0.375, 0.375, 0.2857142857142857, 0.5, 0.3333333333333333, 0.5, 0.5, 0.5, 0.5, 0.4, 0.3333333333333333, 0.2857142857142857, 0.36363636363636365, 0.25, 0.2, 0.2222222222222222, 0.1, 0.1, 0.25, 0.125, 0.2222222222222222, 0.0, 0.09090909090909091, 0.16666666666666666, 0.0, 0.14285714285714285, 0.16666666666666666, 0.2857142857142857, 0.3333333333333333, 0.14285714285714285, 